{
    "cycles_program_begin": 808155336486089,
    "cpu_cycles_pass2_start": 808155862654191,
    "MlibObjs": {},
    "perf": [
        {
            "stat": [
                "main",
                "entry",
                0.010527133941650391,
                0.024500999999999998,
                0.012834,
                211280,
                211280,
                0.0,
                0.0,
                1713882070.5984631,
                808155336733730
            ],
            "sub": [
                {
                    "stat": [
                        "doParsingAndDesignResolution",
                        "entry",
                        0.018614053726196289,
                        0.027972,
                        0.016138,
                        267200,
                        268000,
                        0.0,
                        0.0,
                        1713882070.60655,
                        808155369928733
                    ],
                    "sub": []
                },
                {
                    "stat": [
                        "doParsingAndDesignResolution",
                        "exit",
                        0.026600122451782227,
                        0.036416999999999998,
                        0.016552999999999998,
                        268272,
                        268920,
                        0.0,
                        0.0,
                        1713882070.614536,
                        808155402754236
                    ],
                    "sub": []
                },
                {
                    "stat": [
                        "doPostDesignResolutionToVir2Vcs",
                        "entry",
                        0.026808977127075195,
                        0.036416999999999998,
                        0.016785000000000001,
                        268272,
                        268920,
                        0.0,
                        0.0,
                        1713882070.6147449,
                        808155403651301
                    ],
                    "sub": [
                        {
                            "stat": [
                                "doUptoVir2VcsNoSepCleanup",
                                "entry",
                                0.034716129302978516,
                                0.044366000000000003,
                                0.017585,
                                273648,
                                273652,
                                0.0,
                                0.0,
                                1713882070.6226521,
                                808155436128495
                            ],
                            "sub": []
                        },
                        {
                            "stat": [
                                "doUptoVir2VcsNoSepCleanup",
                                "exit",
                                0.10483002662658691,
                                0.082841999999999999,
                                0.029048000000000001,
                                284016,
                                284036,
                                0.0069829999999999996,
                                0.0048760000000000001,
                                1713882070.692766,
                                808155724418973
                            ],
                            "sub": []
                        },
                        {
                            "stat": [
                                "doRadify_vir2vcsAll",
                                "entry",
                                0.10488796234130859,
                                0.082891000000000006,
                                0.029065000000000001,
                                284016,
                                284036,
                                0.0069829999999999996,
                                0.0048760000000000001,
                                1713882070.6928239,
                                808155724583993
                            ],
                            "sub": []
                        },
                        {
                            "stat": [
                                "doRadify_vir2vcsAll",
                                "exit",
                                0.10972404479980469,
                                0.086903999999999995,
                                0.030415999999999999,
                                284016,
                                284036,
                                0.0069829999999999996,
                                0.0048760000000000001,
                                1713882070.69766,
                                808155744489956
                            ],
                            "sub": []
                        }
                    ]
                },
                {
                    "stat": [
                        "doPostDesignResolutionToVir2Vcs",
                        "exit",
                        0.10974812507629395,
                        0.086924000000000001,
                        0.030422999999999999,
                        284016,
                        284036,
                        0.0069829999999999996,
                        0.0048760000000000001,
                        1713882070.697684,
                        808155744642507
                    ],
                    "sub": []
                },
                {
                    "stat": [
                        "doGAToPass2",
                        "entry",
                        0.10978603363037109,
                        0.086924000000000001,
                        0.030466,
                        284016,
                        284036,
                        0.0069829999999999996,
                        0.0048760000000000001,
                        1713882070.697722,
                        808155744714657
                    ],
                    "sub": [
                        {
                            "stat": [
                                "DoPass2",
                                "entry",
                                0.13844609260559082,
                                0.086924000000000001,
                                0.032799000000000002,
                                269408,
                                284036,
                                0.015909,
                                0.015073,
                                1713882070.726382,
                                808155862633878
                            ],
                            "sub": []
                        },
                        {
                            "stat": [
                                "DoPass2",
                                "exit",
                                0.18033409118652344,
                                0.12621499999999999,
                                0.038081999999999998,
                                281524,
                                284036,
                                0.015909,
                                0.017003000000000001,
                                1713882070.76827,
                                808156034773752
                            ],
                            "sub": []
                        }
                    ]
                },
                {
                    "stat": [
                        "doGAToPass2",
                        "exit",
                        0.18275904655456543,
                        0.12795400000000001,
                        0.039037000000000002,
                        281524,
                        284036,
                        0.015909,
                        0.017003000000000001,
                        1713882070.770695,
                        808156044792982
                    ],