{
    "cycles_program_begin": 808468230293039,
    "CompileProcesses": [
        "cgproc.87536.json"
    ],
    "PEModules": [],
    "stat": {
        "ru_self_cgstart": {
            "ru_nivcsw": 10,
            "ru_stime_sec": 0.026311000000000001,
            "ru_utime_sec": 0.107389,
            "ru_majflt": 0,
            "ru_maxrss_kb": 72120,
            "ru_minflt": 27728,
            "ru_nvcsw": 28
        },
        "ru_childs_cgstart": {
            "ru_nivcsw": 22,
            "ru_stime_sec": 0.01252,
            "ru_utime_sec": 0.016539999999999999,
            "ru_majflt": 0,
            "ru_maxrss_kb": 21984,
            "ru_minflt": 10100,
            "ru_nvcsw": 25
        },
        "quadSpeed": 139913.61038821662,
        "cpu_cycles_cgstart": 808468834414543,
        "nMops": 13692,
        "mopSpeed": 367343.65358302242,
        "mop/quad": 2.6255033557046978,
        "realTime": 0.20212602615356445,
        "ru_childs_end": {
            "ru_nivcsw": 24,
            "ru_stime_sec": 0.014251,
            "ru_utime_sec": 0.016539999999999999,
            "ru_majflt": 0,
            "ru_maxrss_kb": 22432,
            "ru_minflt": 10694,
            "ru_nvcsw": 26
        },
        "nQuads": 5215,
        "ru_self_end": {
            "ru_nivcsw": 12,
            "ru_stime_sec": 0.037546000000000003,
            "ru_utime_sec": 0.14466200000000001,
            "ru_majflt": 0,
            "ru_maxrss_kb": 81856,
            "ru_minflt": 32115,
            "ru_nvcsw": 29
        },
        "totalObjSize": 148112,
        "cpu_cycles_end": 808469020450701,
        "cpu_cycles_total": 790157662,
        "outputSizePerQuad": 28.401150527325022,
        "Frontend(%)": 76.878078435751405,
        "CodeGen(%)": 23.121921564248588,
        "peak_mem_kb": 284472
    },
    "perf": [
        {
            "stat": [
                "main",
                "entry",
                0.0099308490753173828,
                0.025325,
                0.0077070000000000003,
                211280,
                211280,
                0.0,
                0.0,
                1713882153.6845839,
                808468230506344
            ],
            "sub": [
                {
                    "stat": [
                        "doParsingAndDesignResolution",
                        "entry",
                        0.016849994659423828,
                        0.026275,
                        0.012042000000000001,
                        267200,
                        268000,
                        0.0,
                        0.0,
                        1713882153.691503,
                        808468258907858
                    ],
                    "sub": []
                },
                {
                    "stat": [
                        "doParsingAndDesignResolution",
                        "exit",
                        0.023512840270996094,
                        0.032648000000000003,
                        0.013058999999999999,
                        268272,
                        268920,
                        0.0,
                        0.0,
                        1713882153.6981659,
                        808468286332258
                    ],
                    "sub": []
                },
                {
                    "stat": [
                        "doPostDesignResolutionToVir2Vcs",
                        "entry",
                        0.023881912231445312,
                        0.032648000000000003,
                        0.013469,
                        268272,
                        268920,
                        0.0,
                        0.0,
                        1713882153.698535,
                        808468287927994
                    ],
                    "sub": [
                        {
                            "stat": [
                                "doUptoVir2VcsNoSepCleanup",
                                "entry",
                                0.0317230224609375,
                                0.038490000000000003,
                                0.016306000000000001,
                                273648,
                                273652,
                                0.0,
                                0.0,
                                1713882153.7063761,
                                808468320061791
                            ],
                            "sub": []
                        },
                        {
                            "stat": [
                                "doUptoVir2VcsNoSepCleanup",
                                "exit",
                                0.12117791175842285,
                                0.102786,
                                0.023209,
                                284020,
                                284040,
                                0.0056169999999999996,
                                0.0063299999999999997,
                                1713882153.795831,
                                808468687877681
                            ],
                            "sub": []
                        },
                        {
                            "stat": [
                                "doRadify_vir2vcsAll",
                                "entry",
                                0.12123703956604004,
                                0.102839,
                                0.023220999999999999,
                                284020,
                                284040,
                                0.0056169999999999996,
                                0.0063299999999999997,
                                1713882153.7958901,
                                808468688044995
                            ],
                            "sub": []
                        },
                        {
                            "stat": [
                                "doRadify_vir2vcsAll",
                                "exit",
                                0.12630701065063477,
                                0.107333,
                                0.024343,
                                284020,
                                284040,
                                0.0056169999999999996,
                                0.0063299999999999997,
                                1713882153.8009601,
                                808468708988734
                            ],
                            "sub": []
                        }
                    ]
                },
                {
                    "stat": [
                        "doPostDesignResolutionToVir2Vcs",
                        "exit",
                        0.12635087966918945,
                        0.107373,
                        0.024351999999999999,
                        284020,
                        284040,
                        0.0056169999999999996,
                        0.0063299999999999997,
                        1713882153.8010039,
                        808468709062512
                    ],
                    "sub": []
                },
                {
                    "stat": [
                        "doGAToPass2",
                        "entry",
                        0.12636804580688477,
                        0.107389,
                        0.024355999999999999,
                        284020,
                        284040,
                        0.0056169999999999996,
                        0.0063299999999999997,
                        1713882153.8010211,
                        808468709130629
                    ],