{
    "ObjArchives": [
        {
            "size": 148112,
            "archive": "archive.22/_87536_archive_1.a",
            "objects": [
                [
                    "jdPWL_d.o",
                    42490
                ],
                [
                    "amcQwB.o",
                    105622
                ]
            ]
        }
    ],
    "Modules": {
        "...MASTER...": {
            "nQuads": 4,
            "end_perf": [
                0.16051983833312988,
                0.107389,
                0.028665,
                282476,
                284040,
                808468849561206,
                0,
                0
            ],
            "start_perf": [
                0.15688896179199219,
                0.107389,
                0.026350999999999999,
                282464,
                284040,
                1713882153.831542,
                808468834609126
            ],
            "child_modules": {
                "axi_stream_insertbeifen_header": 1,
                "axi_stream_insert_header": 1,
                "tb_top": 1
            },
            "nMops": 7,
            "nRouts": 8
        },
        "tb_top": {
            "start_perf": [
                0.17078185081481934,
                0.11770700000000001,
                0.029701000000000002,
                282492,
                284040,
                1713882153.8454349,
                808468891721855
            ],
            "end_perf": [
                0.19261002540588379,
                0.13974700000000001,
                0.031910000000000001,
                284448,
                284452,
                808468981530142,
                21474836481,
                0
            ],
            "nQuads": 1653,
            "child_modules": {},
            "Compiled": "Yes",
            "Compiled Times": 23,
            "nMops": 3814,
            "significant_routs": [
                [
                    9,
                    "R_VCSgd_jdPWL_9",
                    6457166,
                    2523,
                    778
                ],
                [
                    41,
                    "R_VCSgd_jdPWL_29",
                    5135452,
                    3321,
                    661
                ]
            ],
            "nRouts": 108
        },
        "register_slices_0000": {
            "nQuads": 21,
            "end_perf": [
                0.1622319221496582,
                0.109226,
                0.028729999999999999,
                282492,
                284040,
                808468856596904,
                8589934593,
                0
            ],
            "start_perf": [
                0.16057801246643066,
                0.107389,
                0.028729999999999999,
                282476,
                284040,
                1713882153.8352311,
                808468849776768
            ],
            "child_modules": {},
            "Compiled": "Yes",
            "nMops": 106,
            "Compiled Times": 23,
            "nRouts": 8
        },
        "register_slices_0000_0000": {
            "nQuads": 21,
            "end_perf": [
                0.16303896903991699,
                0.10925700000000001,
                0.029596000000000001,
                282492,
                284040,
                808468859913399,
                8589934593,
                0
            ],
            "start_perf": [
                0.16225886344909668,
                0.10925700000000001,
                0.028729999999999999,
                282492,
                284040,
                1713882153.8369119,
                808468856686592
            ],
            "child_modules": {},
            "Compiled": "Yes",
            "nMops": 106,
            "Compiled Times": 23,
            "nRouts": 8
        },
        "axi_stream_insert_header": {
            "nQuads": 2185,
            "end_perf": [
                0.17075705528259277,
                0.117684,
                0.029696,
                282492,
                284040,
                808468891644303,
                12884901889,
                0
            ],
            "start_perf": [
                0.16306495666503906,
                0.10925700000000001,
                0.029624999999999999,
                282492,
                284040,
                1713882153.837718,
                808468859995687
            ],
            "child_modules": {
                "register_slices_0000": 1,
                "register_slices_0000_0000": 1
            },
            "Compiled": "Yes",
            "nMops": 6026,
            "Compiled Times": 23,
            "nRouts": 128
        },
        "axi_stream_insertbeifen_header": {
            "nQuads": 1331,
            "end_perf": [
                0.19762206077575684,
                0.14399600000000001,
                0.033230000000000003,
                284448,
                284452,
                808469002106804,
                25769803777,
                0
            ],
            "start_perf": [
                0.19265198707580566,
                0.13978499999999999,
                0.031919000000000003,
                284448,
                284452,
                1713882153.867305,
                808468981633039
            ],
            "child_modules": {
                "register_slices_0000": 1,
                "register_slices_0000_0000": 1
            },
            "Compiled": "Yes",
            "nMops": 3633,
            "Compiled Times": 23,
            "nRouts": 90
        }
    },
    "stat": {
        "ru_self_end": {
            "ru_nivcsw": 12,
            "ru_stime_sec": 0.037488,
            "ru_utime_sec": 0.14444000000000001,
            "ru_majflt": 0,
            "ru_maxrss_kb": 81856,
            "ru_minflt": 32111,
            "ru_nvcsw": 29
        },
        "ru_childs_end": {
            "ru_nivcsw": 24,
            "ru_stime_sec": 0.014251,
            "ru_utime_sec": 0.016539999999999999,
            "ru_majflt": 0,
            "ru_maxrss_kb": 22432,
            "ru_minflt": 10694,
            "ru_nvcsw": 26
        },
        "peak_mem_kb": 284472,
        "cpu_cycles_end": 808469019418105
    },
    "CompUnits": {
        "jdPWL_d": {
            "checksum": 0,
            "mod": "tb_top",
            "archive": "archive.22/_87536_archive_1.a",
            "out": "jdPWL_d.o",
            "bytes": 42490,
            "text": 20806,
            "mode": 4
        }
    },
    "reusePaths": {
        "aN8fm_d": {
            "icPath": "csrc"
        },
        "dbzm9_d": {
            "icPath": "csrc"
        },
        "amcQw_d": {
            "icPath": "csrc"
        },
        "YLpQw_d": {
            "icPath": "csrc"
        },
        "mTGsR_d": {
            "icPath": "csrc"
        }
    }
}